<?xml version="1.0" encoding="utf-8"?>
<extension version="3.1" type="plugin" group="search" method="upgrade">
	<name>HEADING HIERARCHY</name>
	<author>Joomla! Project</author>
	<creationDate>april-2022</creationDate>
	<copyright>Copyright (C) 2005 - 2018 Open Source Matters. All rights reserved.</copyright>
	<license>GNU General Public License version 2 or later; see LICENSE.txt</license>
	<authorEmail>admin@joomla.org</authorEmail>
	<authorUrl>www.joomla.org</authorUrl>
	<version>3.0.0</version>
	<description>PLG_HEADING_XML_DESCRIPTION</description>
	<files>
		<filename plugin="heading">heading.php</filename>
	</files>
	<languages folder="language">
		<language tag="en-GB">language/en-GB/en-GB.plg_heading.ini</language>
		<language tag="en-GB">language/en-GB/en-GB.plg_heading.sys.ini</language>
	</languages>
    <config>
        <fields name="params">
           <fieldset name="basic">

           <field name="mytextarea" type="textarea" default="default" label="Enter some text" description="do checkkkkk" rows="10" cols="5" />


           </fieldset>
        </fields>
    </config>
	</extension>